Code barre,Nom,Categorie 1,Coût,Prix de vente,Prix HT,Categorie 2,fournisseur/ID,Marque,Type d'article,Catégorie d'article/ID,Disponible dans le PdV,Taxes à la vente/ID,Catégorie du point de vente/ID
064992642181,ACANA CAT GRASSLANDS 1.8KG,ALIMENTATION,,28.95,23.9256,SEC,sup_champions_pet_food,Acana,product,point_of_sale.product_category_pos,1,l10n_be.1_attn_VAT-OUT-21-L,cat_chat_alimentation_croquettes
064992642341,ACANA CAT GRASSLANDS 340G,ALIMENTATION,,5.95,4.9174,SEC,sup_champions_pet_food,Acana,product,point_of_sale.product_category_pos,1,l10n_be.1_attn_VAT-OUT-21-L,cat_chat_alimentation_croquettes
064992642549,ACANA CAT GRASSLANDS 5.4KG,ALIMENTATION,,59.95,49.5455,SEC,sup_champions_pet_food,Acana,product,point_of_sale.product_category_pos,1,l10n_be.1_attn_VAT-OUT-21-L,cat_chat_alimentation_croquettes
064992641184,ACANA CAT PACIFICA 1.8KG,ALIMENTATION,,26.95,22.2727,SEC,sup_champions_pet_food,Acana,product,point_of_sale.product_category_pos,1,l10n_be.1_attn_VAT-OUT-21-L,cat_chat_alimentation_croquettes
064992641344,ACANA CAT PACIFICA 340G,ALIMENTATION,,5.95,4.9174,SEC,sup_champions_pet_food,Acana,product,point_of_sale.product_category_pos,1,l10n_be.1_attn_VAT-OUT-21-L,cat_chat_alimentation_croquettes
064992641542,ACANA CAT PACIFICA 5.4KG,ALIMENTATION,,54.95,45.4132,SEC,sup_champions_pet_food,Acana,product,point_of_sale.product_category_pos,1,l10n_be.1_attn_VAT-OUT-21-L,cat_chat_alimentation_croquettes
064992643348,ACANA CAT RANCHLANDS 340G,ALIMENTATION,,5.95,4.9174,SEC,sup_champions_pet_food,Acana,product,point_of_sale.product_category_pos,1,l10n_be.1_attn_VAT-OUT-21-L,cat_chat_alimentation_croquettes
064992640187,ACANA CAT WILD PRAIRIE 1.8KG,ALIMENTATION,,23.95,19.7934,SEC,sup_champions_pet_food,Acana,product,point_of_sale.product_category_pos,1,l10n_be.1_attn_VAT-OUT-21-L,cat_chat_alimentation_croquettes
064992640347,ACANA CAT WILD PRAIRIE 340G,ALIMENTATION,,5.95,4.9174,SEC,sup_champions_pet_food,Acana,product,point_of_sale.product_category_pos,1,l10n_be.1_attn_VAT-OUT-21-L,cat_chat_alimentation_croquettes
064992640545,ACANA CAT WILD PRAIRIE 5.4KG,ALIMENTATION,,47.95,39.6281,SEC,sup_champions_pet_food,Acana,product,point_of_sale.product_category_pos,1,l10n_be.1_attn_VAT-OUT-21-L,cat_chat_alimentation_croquettes
064992541118,ACANA DOG PACIFICA 11.4KG,ALIMENTATION,,84.95,70.2066,SEC,sup_champions_pet_food,Acana,product,point_of_sale.product_category_pos,1,l10n_be.1_attn_VAT-OUT-21-L,cat_chien_alimentation_croquettes
064992541200,ACANA DOG PACIFICA 2KG,ALIMENTATION,,24.95,20.6198,SEC,sup_champions_pet_food,Acana,product,point_of_sale.product_category_pos,1,l10n_be.1_attn_VAT-OUT-21-L,cat_chien_alimentation_croquettes
064992541354,ACANA DOG PACIFICA 340G,ALIMENTATION,,5.1,4.2149,SEC,sup_champions_pet_food,Acana,product,point_of_sale.product_category_pos,1,l10n_be.1_attn_VAT-OUT-21-L,cat_chien_alimentation_croquettes
064992500207,ACANA DOG PUPPY 2KG,ALIMENTATION,,19.5,16.1157,SEC,sup_champions_pet_food,Acana,product,point_of_sale.product_category_pos,1,l10n_be.1_attn_VAT-OUT-21-L,cat_chien_alimentation_croquettes
064992500351,ACANA DOG PUPPY 340G,ALIMENTATION,,3.95,3.2645,SEC,sup_champions_pet_food,Acana,product,point_of_sale.product_category_pos,1,l10n_be.1_attn_VAT-OUT-21-L,cat_chien_alimentation_croquettes
064992510237,ACANA DOG SENIOR 2KG,ALIMENTATION,,19.5,16.1157,SEC,sup_champions_pet_food,Acana,product,point_of_sale.product_category_pos,1,l10n_be.1_attn_VAT-OUT-21-L,cat_chien_alimentation_croquettes
064992510350,ACANA DOG SENIOR 340G,ALIMENTATION,,3.95,3.2645,SEC,sup_champions_pet_food,Acana,product,point_of_sale.product_category_pos,1,l10n_be.1_attn_VAT-OUT-21-L,cat_chien_alimentation_croquettes
064992540111,ACANA DOG WILD PRAIRIE 11.4KG,ALIMENTATION,,77.5,64.0496,SEC,sup_champions_pet_food,Acana,product,point_of_sale.product_category_pos,1,l10n_be.1_attn_VAT-OUT-21-L,cat_chien_alimentation_croquettes
064992540210,ACANA DOG WILD PRAIRIE 2KG,ALIMENTATION,,23.5,19.4215,SEC,sup_champions_pet_food,Acana,product,point_of_sale.product_category_pos,1,l10n_be.1_attn_VAT-OUT-21-L,cat_chien_alimentation_croquettes
064992540357,ACANA DOG WILD PRAIRIE 340G,ALIMENTATION,,5.1,4.2149,SEC,sup_champions_pet_food,Acana,product,point_of_sale.product_category_pos,1,l10n_be.1_attn_VAT-OUT-21-L,cat_chien_alimentation_croquettes
064992540616,ACANA DOG WILD PRAIRIE 6KG,ALIMENTATION,,40.95,33.843,SEC,sup_champions_pet_food,Acana,product,point_of_sale.product_category_pos,1,l10n_be.1_attn_VAT-OUT-21-L,cat_chien_alimentation_croquettes
5060189110902,BARKING HEAD FISH N DELISH 2KG,ALIMENTATION,8.6,18.95,15.6612,SEC,sup_nagels,Barking Heads,product,point_of_sale.product_category_pos,1,l10n_be.1_attn_VAT-OUT-21-L,cat_chien_alimentation_croquettes
5060189110025,BARKING HEADS BAD HAIR DAY 12KG,ALIMENTATION,37.4,67.95,56.157,SEC,sup_nagels,Barking Heads,product,point_of_sale.product_category_pos,1,l10n_be.1_attn_VAT-OUT-21-L,cat_chien_alimentation_croquettes
5060189110001,BARKING HEADS BAD HAIR DAY 2KG,ALIMENTATION,8.97,16.95,14.0083,SEC,sup_nagels,Barking Heads,product,point_of_sale.product_category_pos,1,l10n_be.1_attn_VAT-OUT-21-L,cat_chien_alimentation_croquettes
5060189110506,BARKING HEADS BIG FOOT BAD HAIR 12KG,ALIMENTATION,41.72,75.95,62.7686,SEC,sup_nagels,Barking Heads,product,point_of_sale.product_category_pos,1,l10n_be.1_attn_VAT-OUT-21-L,cat_chien_alimentation_croquettes
5060189110544,BARKING HEADS BIG FOOT TENDER LOVING 12KG,ALIMENTATION,37.4,67.95,56.157,SEC,sup_nagels,Barking Heads,product,point_of_sale.product_category_pos,1,l10n_be.1_attn_VAT-OUT-21-L,cat_chien_alimentation_croquettes
5060189110216,BARKING HEADS FAT DOG SLIM 12KG,ALIMENTATION,37.4,67.95,56.157,SEC,sup_nagels,Barking Heads,product,point_of_sale.product_category_pos,1,l10n_be.1_attn_VAT-OUT-21-L,cat_chien_alimentation_croquettes
5060189110193,BARKING HEADS FAT DOG SLIM 2KG,ALIMENTATION,8.97,16.95,14.0083,SEC,sup_nagels,Barking Heads,product,point_of_sale.product_category_pos,1,l10n_be.1_attn_VAT-OUT-21-L,cat_chien_alimentation_croquettes
5060189110919,BARKING HEADS FISH N DELISH 12KG,ALIMENTATION,49.38,89.95,74.3388,SEC,sup_nagels,Barking Heads,product,point_of_sale.product_category_pos,1,l10n_be.1_attn_VAT-OUT-21-L,cat_chien_alimentation_croquettes
5060189110087,BARKING HEADS FUSSPOT 12KG,ALIMENTATION,40.4,73.95,61.1157,SEC,sup_nagels,Barking Heads,product,point_of_sale.product_category_pos,1,l10n_be.1_attn_VAT-OUT-21-L,cat_chien_alimentation_croquettes
5060189110063,BARKING HEADS FUSSPOT GF 2KG,ALIMENTATION,8.97,18.95,15.6612,SEC,sup_nagels,Barking Heads,product,point_of_sale.product_category_pos,1,l10n_be.1_attn_VAT-OUT-21-L,cat_chien_alimentation_croquettes
5060189110247,BARKING HEADS GOLDEN YEARS 12KG,ALIMENTATION,40.4,73.95,61.1157,SEC,sup_nagels,Barking Heads,product,point_of_sale.product_category_pos,1,l10n_be.1_attn_VAT-OUT-21-L,cat_chien_alimentation_croquettes
5060189110223,BARKING HEADS GOLDEN YEARS 2KG,ALIMENTATION,8.97,16.95,14.0083,SEC,sup_nagels,Barking Heads,product,point_of_sale.product_category_pos,1,l10n_be.1_attn_VAT-OUT-21-L,cat_chien_alimentation_croquettes
5060189110469,BARKING HEADS LITTLE BIG FOOT 12KG,ALIMENTATION,37.4,67.95,56.157,SEC,sup_nagels,Barking Heads,product,point_of_sale.product_category_pos,1,l10n_be.1_attn_VAT-OUT-21-L,cat_chien_alimentation_croquettes
5060189110179,BARKING HEADS PUPPY DAYS 12KG,ALIMENTATION,40.4,73.95,61.1157,SEC,sup_nagels,Barking Heads,product,point_of_sale.product_category_pos,1,l10n_be.1_attn_VAT-OUT-21-L,cat_chien_alimentation_croquettes
5060189110155,BARKING HEADS PUPPY DAYS 2KG,ALIMENTATION,8.97,16.95,14.0083,SEC,sup_nagels,Barking Heads,product,point_of_sale.product_category_pos,1,l10n_be.1_attn_VAT-OUT-21-L,cat_chien_alimentation_croquettes
5060189110810,BARKING HEADS PUPPY DAYS GF 12KG,ALIMENTATION,52.37,94.95,78.4711,SEC,sup_nagels,Barking Heads,product,point_of_sale.product_category_pos,1,l10n_be.1_attn_VAT-OUT-21-L,cat_chien_alimentation_croquettes
5060189110803,BARKING HEADS PUPPY DAYS GF 2KG,ALIMENTATION,10.84,19.95,16.4876,SEC,sup_nagels,Barking Heads,product,point_of_sale.product_category_pos,1,l10n_be.1_attn_VAT-OUT-21-L,cat_chien_alimentation_croquettes
5060189114160,BARKING HEADS PUPPY POULET SAUMON 2KG,ALIMENTATION,,16.95,14.0083,SEC,sup_nagels,Barking Heads,product,point_of_sale.product_category_pos,1,l10n_be.1_attn_VAT-OUT-21-L,cat_chien_alimentation_croquettes
5060189110797,BARKING HEADS QUACKERS 12KG,ALIMENTATION,49.38,89.95,74.3388,SEC,sup_nagels,Barking Heads,product,point_of_sale.product_category_pos,1,l10n_be.1_attn_VAT-OUT-21-L,cat_chien_alimentation_croquettes
5060189110780,BARKING HEADS QUACKERS GF 2KG,ALIMENTATION,10.84,19.95,16.4876,SEC,sup_nagels,Barking Heads,product,point_of_sale.product_category_pos,1,l10n_be.1_attn_VAT-OUT-21-L,cat_chien_alimentation_croquettes
5060189110056,BARKING HEADS TENDER LOVING CARE 12KG,ALIMENTATION,37.4,67.95,56.157,SEC,sup_nagels,Barking Heads,product,point_of_sale.product_category_pos,1,l10n_be.1_attn_VAT-OUT-21-L,cat_chien_alimentation_croquettes
5060189110032,BARKING HEADS TENDER LOVING CARE 2KG,ALIMENTATION,8.97,16.95,14.0083,SEC,sup_nagels,Barking Heads,product,point_of_sale.product_category_pos,1,l10n_be.1_attn_VAT-OUT-21-L,cat_chien_alimentation_croquettes
5060189110865,BARKING HEADS TINY PAWS BAD HAIR 1.5KG,ALIMENTATION,8.82,16.45,13.595,SEC,sup_nagels,Barking Heads,product,point_of_sale.product_category_pos,1,l10n_be.1_attn_VAT-OUT-21-L,cat_chien_alimentation_croquettes
5060189110872,BARKING HEADS TINY PAWS BAD HAIR 4KG,ALIMENTATION,18.03,32.95,27.2314,SEC,sup_nagels,Barking Heads,product,point_of_sale.product_category_pos,1,l10n_be.1_attn_VAT-OUT-21-L,cat_chien_alimentation_croquettes
5060189110827,BARKING HEADS TINY PAWS QUACKER GF 1.5KG,ALIMENTATION,9.35,16.95,14.0083,SEC,sup_nagels,Barking Heads,product,point_of_sale.product_category_pos,1,l10n_be.1_attn_VAT-OUT-21-L,cat_chien_alimentation_croquettes
5060189110834,BARKING HEADS TINY PAWS QUACKERS 4KG,ALIMENTATION,19.07,41.54,34.33,SEC,sup_nagels,Barking Heads,product,point_of_sale.product_category_pos,1,l10n_be.1_attn_VAT-OUT-21-L,cat_chien_alimentation_croquettes
5060189110889,BARKING HEADS TINY PAWS TENDER LOVING 1.5KG,ALIMENTATION,8.82,15.95,13.1818,SEC,sup_nagels,Barking Heads,product,point_of_sale.product_category_pos,1,l10n_be.1_attn_VAT-OUT-21-L,cat_chien_alimentation_croquettes
5060189110896,BARKING HEADS TINY PAWS TENDER LOVING 4KG,ALIMENTATION,18.03,32.95,27.2314,SEC,sup_nagels,Barking Heads,product,point_of_sale.product_category_pos,1,l10n_be.1_attn_VAT-OUT-21-L,cat_chien_alimentation_croquettes
5060189111275,BARKING HEADS TURKEY DELIGHT 12KG,ALIMENTATION,46.38,83.95,69.3802,SEC,sup_nagels,Barking Heads,product,point_of_sale.product_category_pos,1,l10n_be.1_attn_VAT-OUT-21-L,cat_chien_alimentation_croquettes
5060189111282,BARKING HEADS TURKEY DELIGHT GF 2KG,ALIMENTATION,10.09,18.95,15.6612,SEC,sup_nagels,Barking Heads,product,point_of_sale.product_category_pos,1,l10n_be.1_attn_VAT-OUT-21-L,cat_chien_alimentation_croquettes
8005852130006,CAT BIO ADULT 400G,ALIMENTATION,3.44,6.3,5.2066,SEC,sup_nagels,,product,point_of_sale.product_category_pos,1,l10n_be.1_attn_VAT-OUT-21-L,cat_chat_alimentation_croquettes
8005852130068,CAT BIO KITTEN 400G,ALIMENTATION,3.44,6.3,5.2066,SEC,sup_nagels,,product,point_of_sale.product_category_pos,1,l10n_be.1_attn_VAT-OUT-21-L,cat_chat_alimentation_croquettes
8005852130044,CAT BIO STERILIZED 400G,ALIMENTATION,3.44,6.3,5.2066,SEC,sup_nagels,,product,point_of_sale.product_category_pos,1,l10n_be.1_attn_VAT-OUT-21-L,cat_chat_alimentation_croquettes
5425039486116,EDGARD COOPER AGNEAU 12KG,ALIMENTATION,,74.95,61.9421,SEC,sup_edgard_and_cooper,Edgard & Cooper,product,point_of_sale.product_category_pos,1,l10n_be.1_attn_VAT-OUT-21-L,cat_chien_alimentation_croquettes
5425039482071,EDGARD COOPER DRY 2.5KG AGNEAU,ALIMENTATION,11.22,18.5,15.2893,SEC,sup_edgard_and_cooper,Edgard & Cooper,product,point_of_sale.product_category_pos,1,l10n_be.1_attn_VAT-OUT-21-L,cat_chien_alimentation_croquettes
5425039482163,EDGARD COOPER DRY 2.5KG CANARD POULET,ALIMENTATION,11.82,19.5,16.1157,SEC,sup_edgard_and_cooper,Edgard & Cooper,product,point_of_sale.product_category_pos,1,l10n_be.1_attn_VAT-OUT-21-L,cat_chien_alimentation_croquettes
5425039482194,EDGARD COOPER DRY 2.5KG DINDE POULET BIO,ALIMENTATION,12.94,19.95,16.4876,SEC,sup_edgard_and_cooper,Edgard & Cooper,product,point_of_sale.product_category_pos,1,l10n_be.1_attn_VAT-OUT-21-L,cat_chien_alimentation_croquettes
5425039482101,EDGARD COOPER DRY 2.5KG LAPIN,ALIMENTATION,11.82,19.5,16.1157,SEC,sup_edgard_and_cooper,Edgard & Cooper,product,point_of_sale.product_category_pos,1,l10n_be.1_attn_VAT-OUT-21-L,cat_chien_alimentation_croquettes
5425039482019,EDGARD COOPER DRY 2.5KG POULET,ALIMENTATION,10.28,16.95,14.0083,SEC,sup_edgard_and_cooper,Edgard & Cooper,product,point_of_sale.product_category_pos,1,l10n_be.1_attn_VAT-OUT-21-L,cat_chien_alimentation_croquettes
5425039482040,EDGARD COOPER DRY 2.5KG TRUITE SAUMON,ALIMENTATION,11.22,18.5,15.2893,SEC,sup_edgard_and_cooper,Edgard & Cooper,product,point_of_sale.product_category_pos,1,l10n_be.1_attn_VAT-OUT-21-L,cat_chien_alimentation_croquettes
5425039482064,EDGARD COOPER DRY 700G AGNEAU,ALIMENTATION,4.16,6.95,5.7438,SEC,sup_edgard_and_cooper,Edgard & Cooper,product,point_of_sale.product_category_pos,1,l10n_be.1_attn_VAT-OUT-21-L,cat_chien_alimentation_croquettes
5425039482156,EDGARD COOPER DRY 700G CANARD POULET,ALIMENTATION,4.16,6.95,5.7438,SEC,sup_edgard_and_cooper,Edgard & Cooper,product,point_of_sale.product_category_pos,1,l10n_be.1_attn_VAT-OUT-21-L,cat_chien_alimentation_croquettes
5425039482187,EDGARD COOPER DRY 700G DINDE POULET BIO,ALIMENTATION,5.09,7.95,6.5702,SEC,sup_edgard_and_cooper,Edgard & Cooper,product,point_of_sale.product_category_pos,1,l10n_be.1_attn_VAT-OUT-21-L,cat_chien_alimentation_croquettes
5425039482095,EDGARD COOPER DRY 700G LAPIN,ALIMENTATION,4.16,6.95,5.7438,SEC,sup_edgard_and_cooper,Edgard & Cooper,product,point_of_sale.product_category_pos,1,l10n_be.1_attn_VAT-OUT-21-L,cat_chien_alimentation_croquettes
5425039482002,EDGARD COOPER DRY 700G POULET,ALIMENTATION,3.89,6.5,5.3719,SEC,sup_edgard_and_cooper,Edgard & Cooper,product,point_of_sale.product_category_pos,1,l10n_be.1_attn_VAT-OUT-21-L,cat_chien_alimentation_croquettes
5425039482033,EDGARD COOPER DRY 700G TRUITE SAUMON,ALIMENTATION,4.16,6.95,5.7438,SEC,sup_edgard_and_cooper,Edgard & Cooper,product,point_of_sale.product_category_pos,1,l10n_be.1_attn_VAT-OUT-21-L,cat_chien_alimentation_croquettes
5425039482088,EDGARD COOPER DRY 7KG AGNEAU,ALIMENTATION,27.59,44.95,37.1488,SEC,sup_edgard_and_cooper,Edgard & Cooper,product,point_of_sale.product_category_pos,1,l10n_be.1_attn_VAT-OUT-21-L,cat_chien_alimentation_croquettes
5425039482170,EDGARD COOPER DRY 7KG CANARD POULET,ALIMENTATION,27.59,44.95,37.1488,SEC,sup_edgard_and_cooper,Edgard & Cooper,product,point_of_sale.product_category_pos,1,l10n_be.1_attn_VAT-OUT-21-L,cat_chien_alimentation_croquettes
5425039482200,EDGARD COOPER DRY 7KG DINDE POULET BIO,ALIMENTATION,32.8,49.95,41.281,SEC,sup_edgard_and_cooper,Edgard & Cooper,product,point_of_sale.product_category_pos,1,l10n_be.1_attn_VAT-OUT-21-L,cat_chien_alimentation_croquettes
5425039482118,EDGARD COOPER DRY 7KG LAPIN,ALIMENTATION,27.59,44.95,37.1488,SEC,sup_edgard_and_cooper,Edgard & Cooper,product,point_of_sale.product_category_pos,1,l10n_be.1_attn_VAT-OUT-21-L,cat_chien_alimentation_croquettes
5425039482026,EDGARD COOPER DRY 7KG POULET,ALIMENTATION,24.52,39.95,33.0165,SEC,sup_edgard_and_cooper,Edgard & Cooper,product,point_of_sale.product_category_pos,1,l10n_be.1_attn_VAT-OUT-21-L,cat_chien_alimentation_croquettes
5425039482057,EDGARD COOPER DRY 7KG TRUITE SAUMON,ALIMENTATION,26.32,42.95,35.4959,SEC,sup_edgard_and_cooper,Edgard & Cooper,product,point_of_sale.product_category_pos,1,l10n_be.1_attn_VAT-OUT-21-L,cat_chien_alimentation_croquettes
5425039486086,EDGARD&COOPER AGNEAU 0.7KG,ALIMENTATION,,6.95,5.7438,SEC,sup_edgard_and_cooper,Edgard & Cooper,product,point_of_sale.product_category_pos,1,l10n_be.1_attn_VAT-OUT-21-L,cat_chien_alimentation_croquettes
5425039486093,EDGARD&COOPER AGNEAU 2KG,ALIMENTATION,,18.5,15.2893,SEC,sup_edgard_and_cooper,Edgard & Cooper,product,point_of_sale.product_category_pos,1,l10n_be.1_attn_VAT-OUT-21-L,cat_chien_alimentation_croquettes
5425039486109,EDGARD&COOPER AGNEAU 7KG,ALIMENTATION,,44.95,37.1488,SEC,sup_edgard_and_cooper,Edgard & Cooper,product,point_of_sale.product_category_pos,1,l10n_be.1_attn_VAT-OUT-21-L,cat_chien_alimentation_croquettes
5425039486277,EDGARD&COOPER BIO BOEUF-POULET 0.7K,ALIMENTATION,,7.95,6.5702,SEC,sup_edgard_and_cooper,Edgard & Cooper,product,point_of_sale.product_category_pos,1,l10n_be.1_attn_VAT-OUT-21-L,cat_chien_alimentation_croquettes
5425039486284,EDGARD&COOPER BIO BOEUF-POULET 2.5KG,ALIMENTATION,,19.95,16.4876,SEC,sup_edgard_and_cooper,Edgard & Cooper,product,point_of_sale.product_category_pos,1,l10n_be.1_attn_VAT-OUT-21-L,cat_chien_alimentation_croquettes
5425039486253,EDGARD&COOPER BIO DINDE-POULET 2KG,ALIMENTATION,,19.95,16.4876,SEC,sup_edgard_and_cooper,Edgard & Cooper,product,point_of_sale.product_category_pos,1,l10n_be.1_attn_VAT-OUT-21-L,cat_chien_alimentation_croquettes
5425039486260,EDGARD&COOPER BIO DINDE-POULET 7KG,ALIMENTATION,,49.95,41.281,SEC,sup_edgard_and_cooper,Edgard & Cooper,product,point_of_sale.product_category_pos,1,l10n_be.1_attn_VAT-OUT-21-L,cat_chien_alimentation_croquettes
5425039486208,EDGARD&COOPER CANARD-POULET 0.7KG,ALIMENTATION,,6.95,5.7438,SEC,sup_edgard_and_cooper,Edgard & Cooper,product,point_of_sale.product_category_pos,1,l10n_be.1_attn_VAT-OUT-21-L,cat_chien_alimentation_croquettes
5425039486123,EDGARD&COOPER CHEVREUIL 0.7KG,ALIMENTATION,,6.95,5.7438,SEC,sup_edgard_and_cooper,Edgard & Cooper,product,point_of_sale.product_category_pos,1,l10n_be.1_attn_VAT-OUT-21-L,cat_chien_alimentation_croquettes
5425039486215,EDGARD&COOPER CHIOT CANARD-POULET 2KG,ALIMENTATION,,19.5,16.1157,SEC,sup_edgard_and_cooper,Edgard & Cooper,product,point_of_sale.product_category_pos,1,l10n_be.1_attn_VAT-OUT-21-L,cat_chien_alimentation_croquettes
5425039486222,EDGARD&COOPER CHIOT CANARD-POULET 7KG,ALIMENTATION,,44.95,37.1488,SEC,sup_edgard_and_cooper,Edgard & Cooper,product,point_of_sale.product_category_pos,1,l10n_be.1_attn_VAT-OUT-21-L,cat_chien_alimentation_croquettes
5425039486246,EDGARD&COOPER DINDE-POULET BIO 0.7KG,ALIMENTATION,,7.95,6.5702,SEC,sup_edgard_and_cooper,Edgard & Cooper,product,point_of_sale.product_category_pos,1,l10n_be.1_attn_VAT-OUT-21-L,cat_chien_alimentation_croquettes
5425039486161,EDGARD&COOPER POULET-SAUMON 0.7KG,ALIMENTATION,,6.95,5.7438,SEC,sup_edgard_and_cooper,Edgard & Cooper,product,point_of_sale.product_category_pos,1,l10n_be.1_attn_VAT-OUT-21-L,cat_chien_alimentation_croquettes
5425039486048,EDGARD&COOPER SAUMON 0.7KG,ALIMENTATION,,6.95,5.7438,SEC,sup_edgard_and_cooper,Edgard & Cooper,product,point_of_sale.product_category_pos,1,l10n_be.1_attn_VAT-OUT-21-L,cat_chien_alimentation_croquettes
5425039486055,EDGARD&COOPER SAUMON 2KG,ALIMENTATION,,18.5,15.2893,SEC,sup_edgard_and_cooper,Edgard & Cooper,product,point_of_sale.product_category_pos,1,l10n_be.1_attn_VAT-OUT-21-L,cat_chien_alimentation_croquettes
5425039486062,EDGARD&COOPER SAUMON 7KG,ALIMENTATION,,42.95,35.4959,SEC,sup_edgard_and_cooper,Edgard & Cooper,product,point_of_sale.product_category_pos,1,l10n_be.1_attn_VAT-OUT-21-L,cat_chien_alimentation_croquettes
5425039486178,EDGARD&COOPER SENIOR POULET-SAUMON 2KG,ALIMENTATION,,19.5,16.1157,SEC,sup_edgard_and_cooper,Edgard & Cooper,product,point_of_sale.product_category_pos,1,l10n_be.1_attn_VAT-OUT-21-L,cat_chien_alimentation_croquettes
5425039486185,EDGARD&COOPER SENIOR POULET-SAUMON 7KG,ALIMENTATION,,44.95,37.1488,SEC,sup_edgard_and_cooper,Edgard & Cooper,product,point_of_sale.product_category_pos,1,l10n_be.1_attn_VAT-OUT-21-L,cat_chien_alimentation_croquettes
5060189112609,MEOWING HEADS DRUMSTIX 1.5KG,ALIMENTATION,8.2,14.99,12.3884,SEC,sup_nagels,Meowing Heads,product,point_of_sale.product_category_pos,1,l10n_be.1_attn_VAT-OUT-21-L,cat_chat_alimentation_croquettes
5060189112647,MEOWING HEADS FAT CAT SLIM 1.5KG,ALIMENTATION,8.6,15.95,13.1818,SEC,sup_nagels,Meowing Heads,product,point_of_sale.product_category_pos,1,l10n_be.1_attn_VAT-OUT-21-L,cat_chat_alimentation_croquettes
5060189112623,MEOWING HEADS GONE FISHIN 1.5KG,ALIMENTATION,8.2,14.99,12.3884,SEC,sup_nagels,Meowing Heads,product,point_of_sale.product_category_pos,1,l10n_be.1_attn_VAT-OUT-21-L,cat_chat_alimentation_croquettes
5060189112425,MEOWING HEADS HEY GOOD LOOKING 1.5KG,ALIMENTATION,8.2,14.95,12.3554,SEC,sup_nagels,Meowing Heads,product,point_of_sale.product_category_pos,1,l10n_be.1_attn_VAT-OUT-21-L,cat_chat_alimentation_croquettes
5060189112500,MEOWING HEADS HEY GOOD LOOKING 4KG,ALIMENTATION,18.85,33.95,28.0579,SEC,sup_nagels,Meowing Heads,product,point_of_sale.product_category_pos,1,l10n_be.1_attn_VAT-OUT-21-L,cat_chat_alimentation_croquettes
5060189112449,MEOWING HEADS KITTEN S DELIGHT 1.5KG,ALIMENTATION,8.6,15.95,13.1818,SEC,sup_nagels,Meowing Heads,product,point_of_sale.product_category_pos,1,l10n_be.1_attn_VAT-OUT-21-L,cat_chat_alimentation_croquettes
5060189112418,MEOWING HEADS PURR NICKETY 1.5KG,ALIMENTATION,8.2,14.95,12.3554,SEC,sup_nagels,Meowing Heads,product,point_of_sale.product_category_pos,1,l10n_be.1_attn_VAT-OUT-21-L,cat_chat_alimentation_croquettes
5060189112494,MEOWING HEADS PURR NICKETY 4KG,ALIMENTATION,18.85,33.95,28.0579,SEC,sup_nagels,Meowing Heads,product,point_of_sale.product_category_pos,1,l10n_be.1_attn_VAT-OUT-21-L,cat_chat_alimentation_croquettes
5060189112586,MEOWING HEADS SENIOR MOMENTS 1.5KG,ALIMENTATION,8.6,15.95,13.1818,SEC,sup_nagels,Meowing Heads,product,point_of_sale.product_category_pos,1,l10n_be.1_attn_VAT-OUT-21-L,cat_chat_alimentation_croquettes
064992280543,ORIJEN CAT & KITTEN 5.4KG,ALIMENTATION,,61.5,50.8264,SEC,sup_champions_pet_food,Orijen,product,point_of_sale.product_category_pos,1,l10n_be.1_attn_VAT-OUT-21-L,cat_chat_alimentation_croquettes
064992280185,ORIJEN CAT CAT AND KITTEN 1.8KG,ALIMENTATION,,31.95,26.405,SEC,sup_champions_pet_food,Orijen,product,point_of_sale.product_category_pos,1,l10n_be.1_attn_VAT-OUT-21-L,cat_chat_alimentation_croquettes
064992280345,ORIJEN CAT CATT AND KITTEN 340G,ALIMENTATION,,6.95,5.7438,SEC,sup_champions_pet_food,Orijen,product,point_of_sale.product_category_pos,1,l10n_be.1_attn_VAT-OUT-21-L,cat_chat_alimentation_croquettes
064992284183,ORIJEN CAT FIT AND TRIM 1.8KG,ALIMENTATION,,34.95,28.8843,SEC,sup_champions_pet_food,Orijen,product,point_of_sale.product_category_pos,1,l10n_be.1_attn_VAT-OUT-21-L,cat_chat_alimentation_croquettes
064992281182,ORIJEN CAT SIX FISH 1.8KG,ALIMENTATION,,35.95,29.7107,SEC,sup_champions_pet_food,Orijen,product,point_of_sale.product_category_pos,1,l10n_be.1_attn_VAT-OUT-21-L,cat_chat_alimentation_croquettes
064992281342,ORIJEN CAT SIX FISH 340G,ALIMENTATION,,6.95,5.7438,SEC,sup_champions_pet_food,Orijen,product,point_of_sale.product_category_pos,1,l10n_be.1_attn_VAT-OUT-21-L,cat_chat_alimentation_croquettes
064992281540,ORIJEN CAT SIX FISH 5.4KG,ALIMENTATION,,68.95,56.9835,SEC,sup_champions_pet_food,Orijen,product,point_of_sale.product_category_pos,1,l10n_be.1_attn_VAT-OUT-21-L,cat_chat_alimentation_croquettes
064992187200,ORIJEN DOG FIT AND TRIM 2KG,ALIMENTATION,,27.95,23.0992,SEC,sup_champions_pet_food,Orijen,product,point_of_sale.product_category_pos,1,l10n_be.1_attn_VAT-OUT-21-L,cat_chien_alimentation_croquettes
064992180201,ORIJEN DOG PUPPY 2KG,ALIMENTATION,,26.25,21.6942,SEC,sup_champions_pet_food,Orijen,product,point_of_sale.product_category_pos,1,l10n_be.1_attn_VAT-OUT-21-L,cat_chien_alimentation_croquettes
064992180348,ORIJEN DOG PUPPY 340G,ALIMENTATION,,5.95,4.9174,SEC,sup_champions_pet_food,Orijen,product,point_of_sale.product_category_pos,1,l10n_be.1_attn_VAT-OUT-21-L,cat_chien_alimentation_croquettes
064992180607,ORIJEN DOG PUPPY 6KG,ALIMENTATION,,52.95,43.7603,SEC,sup_champions_pet_food,Orijen,product,point_of_sale.product_category_pos,1,l10n_be.1_attn_VAT-OUT-21-L,cat_chien_alimentation_croquettes
064992186128,ORIJEN DOG SEBNIOR 12KS,ALIMENTATION,,88.95,73.5124,SEC,sup_champions_pet_food,Orijen,product,point_of_sale.product_category_pos,1,l10n_be.1_attn_VAT-OUT-21-L,cat_chien_alimentation_croquettes
064992186340,ORIJEN DOG SENIOR 340G,ALIMENTATION,3.21,5.95,4.9174,SEC,sup_champions_pet_food,Orijen,product,point_of_sale.product_category_pos,1,l10n_be.1_attn_VAT-OUT-21-L,cat_chien_alimentation_croquettes
064992183202,ORIJEN DOG SIX FISH 2KG,ALIMENTATION,,28.95,23.9256,SEC,sup_champions_pet_food,Orijen,product,point_of_sale.product_category_pos,1,l10n_be.1_attn_VAT-OUT-21-L,cat_chien_alimentation_croquettes
064992183349,ORIJEN DOG SIX FISH 340G,ALIMENTATION,,5.95,4.9174,SEC,sup_champions_pet_food,Orijen,product,point_of_sale.product_category_pos,1,l10n_be.1_attn_VAT-OUT-21-L,cat_chien_alimentation_croquettes
064992282189,ORIJEN REGIONAL RED CAT 1.8KG,ALIMENTATION,22.33,39.95,33.0165,SEC,sup_champions_pet_food,Orijen,product,point_of_sale.product_category_pos,1,l10n_be.1_attn_VAT-OUT-21-L,cat_chat_alimentation_croquettes
064992282349,ORIJEN REGIONAL RED CAT 340G,ALIMENTATION,3.74,6.95,5.7438,SEC,sup_champions_pet_food,Orijen,product,point_of_sale.product_category_pos,1,l10n_be.1_attn_VAT-OUT-21-L,cat_chat_alimentation_croquettes
064992184124,ORIJEN REGIONAL RED DOG 11.4KG,ALIMENTATION,66,109.95,90.8678,SEC,sup_champions_pet_food,Orijen,product,point_of_sale.product_category_pos,1,l10n_be.1_attn_VAT-OUT-21-L,cat_chien_alimentation_croquettes
064992184209,ORIJEN REGIONAL RED DOG 2KG,ALIMENTATION,17.61,31.95,26.405,SEC,sup_champions_pet_food,Orijen,product,point_of_sale.product_category_pos,1,l10n_be.1_attn_VAT-OUT-21-L,cat_chien_alimentation_croquettes
064992184346,ORIJEN REGIONAL RED DOG 340G,ALIMENTATION,3.37,6.25,5.1653,SEC,sup_champions_pet_food,Orijen,product,point_of_sale.product_category_pos,1,l10n_be.1_attn_VAT-OUT-21-L,cat_chien_alimentation_croquettes
064992184605,ORIJEN REGIONAL RED DOG 6KG,ALIMENTATION,42.03,72.5,59.9174,SEC,sup_champions_pet_food,Orijen,product,point_of_sale.product_category_pos,1,l10n_be.1_attn_VAT-OUT-21-L,cat_chien_alimentation_croquettes
064992186203,ORIJEN SENIOR DOG 2KG,ALIMENTATION,,26.25,21.6942,SEC,sup_champions_pet_food,Orijen,product,point_of_sale.product_category_pos,1,l10n_be.1_attn_VAT-OUT-21-L,cat_chien_alimentation_croquettes
064992186609,ORIJEN SENIOR DOG 6KG,ALIMENTATION,,52.95,43.7603,SEC,sup_champions_pet_food,Orijen,product,point_of_sale.product_category_pos,1,l10n_be.1_attn_VAT-OUT-21-L,cat_chien_alimentation_croquettes
064992283186,ORIJEN TUNDRA CAT 1.8KG,ALIMENTATION,24.32,43.5,35.9504,SEC,sup_champions_pet_food,Orijen,product,point_of_sale.product_category_pos,1,l10n_be.1_attn_VAT-OUT-21-L,cat_chat_alimentation_croquettes
064992283346,ORIJEN TUNDRA CAT 340G,ALIMENTATION,3.74,6.95,5.7438,SEC,sup_champions_pet_food,Orijen,product,point_of_sale.product_category_pos,1,l10n_be.1_attn_VAT-OUT-21-L,cat_chat_alimentation_croquettes
064992283544,ORIJEN TUNDRA CAT 5.4KG,ALIMENTATION,,79.95,66.0744,SEC,sup_champions_pet_food,Orijen,product,point_of_sale.product_category_pos,1,l10n_be.1_attn_VAT-OUT-21-L,cat_chat_alimentation_croquettes
064992185121,ORIJEN TUNDRA DOG 11.4KG,ALIMENTATION,72.02,119.95,99.1322,SEC,sup_champions_pet_food,Orijen,product,point_of_sale.product_category_pos,1,l10n_be.1_attn_VAT-OUT-21-L,cat_chien_alimentation_croquettes
064992185206,ORIJEN TUNDRA DOG 2KG,ALIMENTATION,18.42,32.95,27.2314,SEC,sup_champions_pet_food,Orijen,product,point_of_sale.product_category_pos,1,l10n_be.1_attn_VAT-OUT-21-L,cat_chien_alimentation_croquettes
064992185343,ORIJEN TUNDRA DOG 340G,ALIMENTATION,3.58,6.65,5.4959,SEC,sup_champions_pet_food,Orijen,product,point_of_sale.product_category_pos,1,l10n_be.1_attn_VAT-OUT-21-L,cat_chien_alimentation_croquettes
064992185602,ORIJEN TUNDRA DOG 6KG,ALIMENTATION,42.28,72.95,60.2893,SEC,sup_champions_pet_food,Orijen,product,point_of_sale.product_category_pos,1,l10n_be.1_attn_VAT-OUT-21-L,cat_chien_alimentation_croquettes
064992182120,ORIJEN WHOLE PREY ORIGINAL DOG 11.4KG,ALIMENTATION,,85.95,71.0331,SEC,sup_champions_pet_food,Orijen,product,point_of_sale.product_category_pos,1,l10n_be.1_attn_VAT-OUT-21-L,cat_chien_alimentation_croquettes
064992182205,ORIJEN WHOLE PREY ORIGINAL DOG 2KG,ALIMENTATION,,24.25,20.0413,SEC,sup_champions_pet_food,Orijen,product,point_of_sale.product_category_pos,1,l10n_be.1_attn_VAT-OUT-21-L,cat_chien_alimentation_croquettes
064992182342,ORIJEN WHOLE PREY ORIGINAL DOG 340G,ALIMENTATION,,5.95,4.9174,SEC,sup_champions_pet_food,Orijen,product,point_of_sale.product_category_pos,1,l10n_be.1_attn_VAT-OUT-21-L,cat_chien_alimentation_croquettes
064992182601,ORIJEN WHOLE PREY ORIGINAL DOG 6KG,ALIMENTATION,35.37,50.95,42.1074,SEC,sup_champions_pet_food,Orijen,product,point_of_sale.product_category_pos,1,l10n_be.1_attn_VAT-OUT-21-L,cat_chien_alimentation_croquettes
064992282547,ORIJNE DOG REGIONAL RED 2KG,ALIMENTATION,,72.95,60.2893,SEC,sup_champions_pet_food,Orijen,product,point_of_sale.product_category_pos,1,l10n_be.1_attn_VAT-OUT-21-L,cat_chien_alimentation_croquettes
5411468206487,RIZI PURE 3.5KG,ALIMENTATION,10.94,21.99,18.1736,SEC,sup_vadigran,Vadigran,product,point_of_sale.product_category_pos,1,l10n_be.1_attn_VAT-OUT-21-L,cat_chien_alimentation_croquettes
5411468121575,RIZI PURE 800G,ALIMENTATION,2.88,5.99,4.9504,SEC,sup_vadigran,Vadigran,product,point_of_sale.product_category_pos,1,l10n_be.1_attn_VAT-OUT-21-L,cat_chien_alimentation_croquettes
5411468112184,RIZI VEGGIES 1KG,ALIMENTATION,4,7.99,6.6033,SEC,sup_vadigran,Vadigran,product,point_of_sale.product_category_pos,1,l10n_be.1_attn_VAT-OUT-21-L,cat_chien_alimentation_croquettes
5411468206500,RIZI VEGGIES 4.5KG,ALIMENTATION,14.89,28.99,23.9587,SEC,sup_vadigran,Vadigran,product,point_of_sale.product_category_pos,1,l10n_be.1_attn_VAT-OUT-21-L,cat_chien_alimentation_croquettes
9421016594153,ZIWI DOG MACKEREL X LAMB,ALIMENTATION,,19.95,16.4876,SEC,sup_champions_pet_food,Ziwi,product,point_of_sale.product_category_pos,1,l10n_be.1_attn_VAT-OUT-21-L,cat_chien_alimentation_croquettes
9421016593064,ZIWI DOG VENISON 454G,ALIMENTATION,,26.5,21.9008,SEC,sup_champions_pet_food,Ziwi,product,point_of_sale.product_category_pos,1,l10n_be.1_attn_VAT-OUT-21-L,cat_chien_alimentation_croquettes
9421016594115,ZIWI PEAK LAMBXMACKEREL 2.5KG,ALIMENTATION,,74.95,61.9421,SEC,sup_champions_pet_food,Ziwi,product,point_of_sale.product_category_pos,1,l10n_be.1_attn_VAT-OUT-21-L,cat_chien_alimentation_croquettes
9421016593309,ZIWIPEAK BEEF CAT 400G,ALIMENTATION,9.91,16.95,14.0083,SEC,sup_champions_pet_food,Ziwi,product,point_of_sale.product_category_pos,1,l10n_be.1_attn_VAT-OUT-21-L,cat_chat_alimentation_croquettes
9421016593163,ZIWIPEAK BEEF DOG 2.5KG,ALIMENTATION,48.66,74.95,61.9421,SEC,sup_champions_pet_food,Ziwi,product,point_of_sale.product_category_pos,1,l10n_be.1_attn_VAT-OUT-21-L,cat_chien_alimentation_croquettes
9421016593187,ZIWIPEAK BEEF DOG 454G,ALIMENTATION,10.96,19.95,16.4876,SEC,sup_champions_pet_food,Ziwi,product,point_of_sale.product_category_pos,1,l10n_be.1_attn_VAT-OUT-21-L,cat_chien_alimentation_croquettes
9421016590537,ZIWIPEAK LAMB CAT 400G,ALIMENTATION,9.47,16.95,14.0083,SEC,sup_champions_pet_food,Ziwi,product,point_of_sale.product_category_pos,1,l10n_be.1_attn_VAT-OUT-21-L,cat_chat_alimentation_croquettes
9421016592982,ZIWIPEAK LAMB DOG 2.5KG,ALIMENTATION,48.66,74.95,61.9421,SEC,sup_champions_pet_food,Ziwi,product,point_of_sale.product_category_pos,1,l10n_be.1_attn_VAT-OUT-21-L,cat_chien_alimentation_croquettes
9421016593071,ZIWIPEAK LAMB DOG 454G,ALIMENTATION,10.96,19.95,16.4876,SEC,sup_champions_pet_food,Ziwi,product,point_of_sale.product_category_pos,1,l10n_be.1_attn_VAT-OUT-21-L,cat_chien_alimentation_croquettes
